produto,garantia extendida,pais,quantidade,valor unitário
iPhone 14,Não,Japão,1,6312.38
Samsung A54,Não,Estados Unidos,4,1328.51
Xiaomi Mi 13,Sim,Reino Unido,2,2493.45
iPhone 15 Pro,Sim,Brasil,4,8320.14
OnePlus 11,Não,Brasil,3,2097.29
Samsung S24 Ultra,Sim,Japão,2,5172.81
Xiaomi Mi 13,Sim,Estados Unidos,5,2237.25
Motorola Moto G54,Sim,Reino Unido,4,2946.97
Motorola Edge 40,Não,Canadá,1,2439.2
Xiaomi Redmi Note 12,Sim,Coreia do Sul,3,888.06
Google Pixel 8,Sim,Estados Unidos,3,5314.16
Google Pixel 8,Não,Brasil,2,4729.03
iPhone 15 Pro,Sim,Canadá,2,5958.71
Google Pixel 8,Sim,Canadá,4,6609.1
Samsung A54,Não,Alemanha,3,1131.02
OnePlus 11,Sim,Reino Unido,1,2237.67
Xiaomi Redmi Note 12,Sim,Coreia do Sul,2,2383.79
Motorola Moto G54,Não,Coreia do Sul,3,2751.27
Motorola Moto G54,Sim,Brasil,1,969.6
Google Pixel 8,Não,Canadá,3,6770.58
Motorola Moto G54,Sim,Canadá,3,1426.65
iPhone 15 Pro,Não,Brasil,1,7334.44
Samsung A54,Sim,Japão,2,815.67
Google Pixel 8,Não,França,5,4363.92
iPhone 14,Não,França,4,7704.83
Motorola Moto G54,Não,Canadá,5,2838.01
iPhone 15 Pro,Não,Reino Unido,2,4031.05
Xiaomi Mi 13,Sim,Brasil,1,975.13
Samsung A54,Sim,Brasil,1,1796.04
Samsung S24 Ultra,Sim,Alemanha,3,4599.73
iPhone 15 Pro,Sim,Alemanha,3,4230.03
Motorola Moto G54,Sim,Coreia do Sul,5,2634.5
iPhone 15 Pro,Não,Alemanha,5,4734.72
iPhone 14,Não,Japão,4,4471.52
Xiaomi Redmi Note 12,Sim,França,4,983.6
OnePlus 11,Sim,França,3,1812.66
Samsung A54,Sim,França,3,2863.78
Google Pixel 8,Não,Canadá,4,5022.36
Motorola Moto G54,Sim,Reino Unido,1,2652.42
Motorola Moto G54,Não,Reino Unido,4,2422.81
Xiaomi Redmi Note 12,Não,Reino Unido,2,1241.56
Google Pixel 8,Sim,Alemanha,5,5849.47
iPhone 14,Sim,Coreia do Sul,5,5257.38
Xiaomi Redmi Note 12,Sim,Alemanha,5,1035.71
Motorola Edge 40,Não,Brasil,5,2299.6
Samsung S24 Ultra,Não,Japão,5,6024.63
OnePlus 11,Sim,Reino Unido,4,2130.22
Xiaomi Redmi Note 12,Não,Japão,2,1493.49
Xiaomi Redmi Note 12,Sim,Reino Unido,4,2845.69
OnePlus 11,Não,Japão,5,1480.42
Google Pixel 8,Sim,Reino Unido,5,8606.17
Google Pixel 8,Sim,Alemanha,3,4061.49
Google Pixel 8,Sim,Brasil,2,6342.33
Samsung A54,Não,Japão,1,1928.1
Google Pixel 8,Sim,França,2,7751.49
Samsung S24 Ultra,Não,Canadá,4,6692.18
Xiaomi Redmi Note 12,Sim,Reino Unido,4,1077.6
Google Pixel 8,Não,França,3,8918.82
Samsung A54,Não,Alemanha,2,1799.06
Xiaomi Redmi Note 12,Sim,Reino Unido,2,871.42
Motorola Edge 40,Sim,Reino Unido,3,1483.6
Motorola Moto G54,Sim,Reino Unido,2,2204.82
iPhone 14,Não,Estados Unidos,1,4339.84
Google Pixel 8,Sim,Estados Unidos,5,7270.92
Xiaomi Redmi Note 12,Sim,Canadá,2,2686.81
Samsung S24 Ultra,Não,Coreia do Sul,5,6474.66
Samsung S24 Ultra,Não,Alemanha,5,5471.95
Motorola Edge 40,Não,França,3,1132.5
Samsung A54,Sim,Reino Unido,3,2102.77
Motorola Edge 40,Não,Japão,5,2412.55
iPhone 15 Pro,Sim,Reino Unido,4,8064.83
iPhone 14,Sim,Reino Unido,5,4662.57
Samsung S24 Ultra,Não,Reino Unido,4,7461.92
Samsung A54,Sim,Canadá,5,2579.28
iPhone 15 Pro,Não,Canadá,4,7433.94
Google Pixel 8,Não,Canadá,5,5874.4
OnePlus 11,Não,Canadá,2,2894.97
OnePlus 11,Sim,Reino Unido,3,2988.0
Xiaomi Mi 13,Sim,Brasil,2,1022.92
Samsung S24 Ultra,Sim,Reino Unido,1,6843.51
Google Pixel 8,Não,Alemanha,2,8131.68
Google Pixel 8,Sim,Canadá,5,7939.6
Xiaomi Mi 13,Sim,Japão,2,2830.59
Motorola Edge 40,Não,Japão,5,2744.61
OnePlus 11,Não,Canadá,5,2156.8
iPhone 15 Pro,Sim,França,2,4926.47
Motorola Edge 40,Não,Canadá,3,2273.19
Samsung S24 Ultra,Sim,Estados Unidos,4,7746.2
iPhone 15 Pro,Não,Alemanha,4,7158.91
Xiaomi Redmi Note 12,Sim,França,2,1324.94
Motorola Moto G54,Sim,Alemanha,1,2156.01
Xiaomi Redmi Note 12,Não,Alemanha,4,2708.6
Xiaomi Mi 13,Não,Brasil,4,2647.86
Xiaomi Mi 13,Não,Reino Unido,4,2417.12
Samsung S24 Ultra,Sim,Alemanha,3,8508.26
Motorola Edge 40,Sim,França,4,1852.83
iPhone 14,Sim,Brasil,1,5311.8
Samsung A54,Sim,Japão,1,2536.44
Xiaomi Mi 13,Sim,Estados Unidos,1,2788.72
Xiaomi Mi 13,Sim,Reino Unido,1,853.93
